<xml xmlns:o="urn:schemas-microsoft-com:office:office">
 <o:MainFile HRef="../ReadMeFirst.htm"/>
 <o:File HRef="themedata.thmx"/>
 <o:File HRef="colorschememapping.xml"/>
 <o:File HRef="image001.jpg"/>
 <o:File HRef="image002.jpg"/>
 <o:File HRef="image003.jpg"/>
 <o:File HRef="image004.jpg"/>
 <o:File HRef="image005.jpg"/>
 <o:File HRef="image006.jpg"/>
 <o:File HRef="image007.jpg"/>
 <o:File HRef="image008.jpg"/>
 <o:File HRef="image009.jpg"/>
 <o:File HRef="image010.jpg"/>
 <o:File HRef="image011.jpg"/>
 <o:File HRef="image012.jpg"/>
 <o:File HRef="image013.jpg"/>
 <o:File HRef="image014.jpg"/>
 <o:File HRef="image015.jpg"/>
 <o:File HRef="image016.jpg"/>
 <o:File HRef="image017.jpg"/>
 <o:File HRef="image018.jpg"/>
 <o:File HRef="image019.jpg"/>
 <o:File HRef="image020.jpg"/>
 <o:File HRef="image021.jpg"/>
 <o:File HRef="image022.jpg"/>
 <o:File HRef="image023.jpg"/>
 <o:File HRef="image024.jpg"/>
 <o:File HRef="image025.jpg"/>
 <o:File HRef="image026.jpg"/>
 <o:File HRef="image027.jpg"/>
 <o:File HRef="image028.jpg"/>
 <o:File HRef="image029.jpg"/>
 <o:File HRef="image030.jpg"/>
 <o:File HRef="image031.jpg"/>
 <o:File HRef="image032.jpg"/>
 <o:File HRef="image033.jpg"/>
 <o:File HRef="image034.jpg"/>
 <o:File HRef="image035.jpg"/>
 <o:File HRef="image036.jpg"/>
 <o:File HRef="image037.jpg"/>
 <o:File HRef="image038.jpg"/>
 <o:File HRef="image039.jpg"/>
 <o:File HRef="image040.jpg"/>
 <o:File HRef="image041.jpg"/>
 <o:File HRef="filelist.xml"/>
</xml>